ticker,company,sector,quarter,year,prior_year,mda_score,risk_score,combined_score,mda_zscore,risk_zscore,combined_zscore,status,error,date_run,extraction_status
AOS,A. O. Smith,Industrials,Q3,2025,2024,0.677205,,0.677205,-0.143662,,0.004623,ok,,2026-04-03T22:39:13Z,partial
ABT,Abbott Laboratories,Health Care,Q3,2025,2024,0.665429,,0.665429,-0.194022,,-0.05292,ok,,2026-04-03T22:39:13Z,partial
MMM,3M,Industrials,Q3,2025,2024,0.687142,0.933731,0.785778,-0.101167,1.009454,0.535162,ok,,2026-04-03T22:39:13Z,complete
ABBV,AbbVie,Health Care,Q3,2025,2024,0.958163,,0.958163,1.057856,,1.377516,ok,,2026-04-03T22:39:19Z,partial
ACN,Accenture,Information Technology,Q1,2026,2025,0.932443,0.087649,0.594525,0.947864,-1.738302,-0.39939,ok,,2026-04-03T22:39:22Z,complete
AOS,A. O. Smith,Industrials,Q1,2025,2024,0.658703,,0.658703,-0.222786,,-0.085786,ok,,2026-04-03T23:39:25Z,partial
ABT,Abbott Laboratories,Health Care,Q1,2025,2024,0.641469,,0.641469,-0.296487,,-0.17,ok,,2026-04-03T23:39:25Z,partial
MMM,3M,Industrials,Q1,2025,2024,0.687414,0.043408,0.429812,-0.100003,-1.881981,-1.204255,ok,,2026-04-03T23:39:25Z,complete
ABBV,AbbVie,Health Care,Q1,2025,2024,0.927273,,0.927273,0.925755,,1.226573,ok,,2026-04-03T23:39:29Z,partial
ACN,Accenture,Information Technology,Q1,2025,2024,0.949323,0.090286,0.605709,1.020051,-1.729738,-0.34474,ok,,2026-04-03T23:39:31Z,complete
ADBE,Adobe Inc.,Information Technology,Q1,2025,2024,0.412035,0.922304,0.616142,-1.277663,0.972343,-0.293759,ok,,2026-04-03T23:39:33Z,complete
AMD,Advanced Micro Devices,Information Technology,Q1,2025,2024,0.791625,0.92146,0.843559,0.345655,0.969602,0.817507,ok,,2026-04-03T23:39:34Z,complete
AES,AES Corporation,Utilities,Q1,2025,2024,0.746937,0.744911,0.746127,0.154547,0.396237,0.341408,ok,,2026-04-03T23:39:38Z,complete
AFL,Aflac,Financials,Q1,2025,2024,0.932194,0.932194,0.932194,0.946799,1.004462,1.250619,ok,,2026-04-03T23:39:38Z,complete
A,Agilent Technologies,Health Care,Q1,2025,2024,0.939808,0.904844,0.925823,0.97936,0.91564,1.219487,ok,,2026-04-03T23:39:40Z,complete
ABNB,Airbnb,Consumer Discretionary,Q1,2025,2024,0.128904,0.938651,0.452803,-2.488473,1.025432,-1.09191,ok,,2026-04-03T23:39:48Z,complete
APD,Air Products,Materials,Q1,2025,2024,0.97886,0.56534,0.813452,1.146367,-0.186942,0.67039,ok,,2026-04-03T23:39:46Z,complete
AKAM,Akamai Technologies,Information Technology,Q1,2025,2024,0.220518,0.917745,0.499409,-2.096686,0.957537,-0.864171,ok,,2026-04-03T23:39:49Z,complete
ALB,Albemarle Corporation,Materials,Q1,2025,2024,0.778309,0.954751,0.848886,0.288709,1.077719,0.843537,ok,,2026-04-03T23:39:53Z,complete
ARE,Alexandria Real Estate Equities,Real Estate,Q1,2025,2024,0.31581,0.29837,0.308834,-1.689169,-1.05396,-1.79541,ok,,2026-04-03T23:39:53Z,complete
ALGN,Align Technology,Health Care,Q1,2025,2024,0.749801,0.811934,0.774654,0.166795,0.613903,0.480805,ok,,2026-04-03T23:39:55Z,complete
ALLE,Allegion,Industrials,Q1,2025,2024,0.808774,0.805641,0.807521,0.418993,0.593466,0.641408,ok,,2026-04-03T23:40:00Z,complete
LNT,Alliant Energy,Utilities,Q1,2025,2024,0.868597,0.799829,0.84109,0.674826,0.57459,0.805442,ok,,2026-04-03T23:40:03Z,complete
GOOGL,Alphabet Inc.(Class A),Communication Services,Q1,2025,2024,0.744557,0.3029,0.567894,0.144369,-1.039248,-0.529521,ok,,2026-04-03T23:40:06Z,complete
ALL,Allstate,Financials,Q1,2025,2024,0.741238,0.58469,0.678619,0.130175,-0.1241,0.011533,ok,,2026-04-03T23:40:03Z,complete
GOOG,Alphabet Inc.(Class C),Communication Services,Q1,2025,2024,0.744557,0.3029,0.567894,0.144369,-1.039248,-0.529521,ok,,2026-04-03T23:40:10Z,complete
MO,Altria,Consumer Staples,Q1,2025,2024,0.802691,0.839447,0.817393,0.392979,0.703255,0.689648,ok,,2026-04-03T23:40:12Z,complete
AMZN,Amazon,Consumer Discretionary,Q1,2025,2024,0.235397,0.985253,0.53534,-2.033056,1.176778,-0.688596,ok,,2026-04-03T23:40:13Z,complete
AMCR,Amcor,Materials,Q1,2025,2024,0.535817,0.367534,0.468504,-0.748309,-0.829341,-1.015188,ok,,2026-04-03T23:40:15Z,complete
AEE,Ameren,Utilities,Q1,2025,2024,0.069394,0.82476,0.37154,-2.742968,0.655557,-1.488999,ok,,2026-04-03T23:40:18Z,complete
AXP,American Express,Financials,Q1,2025,2024,0.765606,0.730477,0.751554,0.234385,0.349361,0.367927,ok,,2026-04-03T23:40:20Z,complete
AEP,American Electric Power,Utilities,Q1,2025,2024,0.204241,0.183039,0.195761,-2.166295,-1.428512,-2.347938,ok,,2026-04-03T23:40:19Z,complete
AIG,American International Group,Financials,Q1,2025,2024,0.845227,0.125224,0.557226,0.574884,-1.616273,-0.58165,ok,,2026-04-03T23:40:25Z,complete
AMT,American Tower,Real Estate,Q1,2025,2024,0.190708,0.762606,0.419468,-2.224168,0.453704,-1.2548,ok,,2026-04-03T23:40:28Z,complete
AWK,American Water Works,Utilities,Q1,2025,2024,0.984093,0.971305,0.978978,1.168745,1.13148,1.479228,ok,,2026-04-03T23:40:28Z,complete
AME,Ametek,Industrials,Q1,2025,2024,0.682724,,0.682724,-0.12006,,0.031592,ok,,2026-04-03T23:40:34Z,partial
AMP,Ameriprise Financial,Financials,Q1,2025,2024,0.907139,0.74645,0.842863,0.839651,0.401235,0.814106,ok,,2026-04-03T23:40:34Z,complete
AMGN,Amgen,Health Care,Q1,2025,2024,0.095411,0.524833,0.26718,-2.631706,-0.318493,-1.998951,ok,,2026-04-03T23:40:34Z,complete
APH,Amphenol,Information Technology,Q1,2025,2024,0.808227,0.701956,0.765719,0.416654,0.256736,0.437144,ok,,2026-04-03T23:40:39Z,complete
ADI,Analog Devices,Information Technology,Q1,2025,2024,0.717093,0.611354,0.674797,0.026919,-0.037506,-0.007143,ok,,2026-04-03T23:40:40Z,complete
AON,Aon plc,Financials,Q1,2025,2024,0.892926,0.970967,0.924143,0.778869,1.130382,1.211278,ok,,2026-04-03T23:40:42Z,complete
APA,APA Corporation,Energy,Q1,2025,2024,0.674333,0.833996,0.738198,-0.155944,0.685552,0.302664,ok,,2026-04-03T23:40:44Z,complete
APO,Apollo Global Management,Financials,Q1,2025,2024,0.140889,0.298452,0.203914,-2.43722,-1.053694,-2.308098,ok,,2026-04-03T23:40:45Z,complete
AAPL,Apple Inc.,Information Technology,Q1,2025,2024,0.717827,0.284283,0.544409,0.030058,-1.099709,-0.64428,ok,,2026-04-03T23:40:47Z,complete
AMAT,Applied Materials,Information Technology,Q1,2025,2024,0.899909,0.908638,0.903401,0.808732,0.927961,1.109923,ok,,2026-04-03T23:40:49Z,complete
APP,AppLovin,Information Technology,Q1,2025,2024,0.736583,0.896841,0.800687,0.110268,0.889649,0.608014,ok,,2026-04-03T23:40:52Z,complete
APTV,Aptiv,Consumer Discretionary,Q1,2025,2024,0.972988,0.08652,0.618401,1.121255,-1.741969,-0.282721,ok,,2026-04-03T23:40:53Z,complete
ACGL,Arch Capital Group,Financials,Q1,2025,2024,1.0,0.689094,0.875637,1.236772,0.214965,0.974255,ok,,2026-04-03T23:40:55Z,complete
ADM,Archer Daniels Midland,Consumer Staples,Q1,2025,2024,0.110778,0.359935,0.210441,-2.565989,-0.85402,-2.276204,ok,,2026-04-03T23:40:57Z,complete
ARES,Ares Management,Financials,Q1,2025,2024,0.643545,0.943917,0.763694,-0.287609,1.042534,0.427249,ok,,2026-04-03T23:40:59Z,complete
ANET,Arista Networks,Information Technology,Q1,2025,2024,0.735153,0.924899,0.811052,0.104153,0.980771,0.658662,ok,,2026-04-03T23:41:01Z,complete
AJG,Arthur J. Gallagher & Co.,Financials,Q1,2025,2024,0.79159,0.715453,0.761135,0.345506,0.300569,0.414745,ok,,2026-04-03T23:41:03Z,complete
AIZ,Assurant,Financials,Q1,2025,2024,0.772963,0.751979,0.764569,0.265847,0.419192,0.431525,ok,,2026-04-03T23:41:05Z,complete
ATO,Atmos Energy,Utilities,Q1,2025,2024,0.850024,0.563968,0.735602,0.595399,-0.191397,0.289978,ok,,2026-04-03T23:41:10Z,complete
T,AT&T,Communication Services,Q1,2025,2024,0.164416,0.620537,0.346864,-2.336606,-0.007683,-1.609578,ok,,2026-04-03T23:41:07Z,complete
ADSK,Autodesk,Information Technology,Q1,2025,2024,0.86392,0.927443,0.889329,0.654825,0.989033,1.041161,ok,,2026-04-03T23:41:11Z,complete
ADP,Automatic Data Processing,Industrials,Q1,2025,2024,0.810002,0.799865,0.805947,0.424245,0.574707,0.633717,ok,,2026-04-03T23:41:14Z,complete
AZO,AutoZone,Consumer Discretionary,Q1,2025,2024,0.755166,0.352768,0.594206,0.189738,-0.877296,-0.400949,ok,,2026-04-03T23:41:15Z,complete
AVB,AvalonBay Communities,Real Estate,Q1,2025,2024,0.787543,0.692649,0.749585,0.328199,0.22651,0.358306,ok,,2026-04-03T23:41:16Z,complete
AVY,Avery Dennison,Materials,Q1,2025,2024,0.755072,0.118789,0.500558,0.189336,-1.637171,-0.858557,ok,,2026-04-03T23:41:19Z,complete
AXON,Axon Enterprise,Industrials,Q1,2025,2024,0.494098,0.484116,0.490105,-0.92672,-0.450727,-0.909635,ok,,2026-04-03T23:41:20Z,complete
BKR,Baker Hughes,Energy,Q1,2025,2024,0.796604,0.747237,0.776857,0.366948,0.403791,0.49157,ok,,2026-04-03T23:41:21Z,complete
BALL,Ball Corporation,Materials,Q1,2025,2024,0.706092,0.347958,0.562838,-0.020127,-0.892917,-0.554227,ok,,2026-04-03T23:41:24Z,complete
BAX,Baxter International,Health Care,Q1,2025,2024,0.909467,0.911135,0.910135,0.849607,0.93607,1.142828,ok,,2026-04-03T23:41:25Z,complete
BDX,Becton Dickinson,Health Care,Q1,2025,2024,0.93167,0.871717,0.907689,0.944558,0.808056,1.130876,ok,,2026-04-03T23:41:29Z,complete
BRK-B,Berkshire Hathaway,Financials,Q1,2025,2024,0.170282,1.0,0.502169,-2.31152,1.22467,-0.850685,ok,,2026-04-03T23:41:30Z,complete
BBY,Best Buy,Consumer Discretionary,Q1,2025,2024,0.767809,0.762453,0.765667,0.243806,0.453207,0.43689,ok,,2026-04-03T23:41:34Z,complete
TECH,Bio-Techne,Health Care,Q1,2025,2024,0.746627,0.082629,0.481028,0.153221,-1.754605,-0.953989,ok,,2026-04-03T23:41:36Z,complete
BIIB,Biogen,Health Care,Q1,2025,2024,0.136894,0.138418,0.137504,-2.454304,-1.573424,-2.632609,ok,,2026-04-03T23:41:39Z,complete
BAC,Bank of America,Financials,Q1,2025,2024,0.748601,0.743579,0.746592,0.161663,0.391912,0.343681,ok,,2026-04-03T23:41:25Z,complete
BLK,BlackRock,Financials,Q2,2025,2024,0.741035,0.834127,0.778272,0.129307,0.685977,0.498484,ok,,2026-04-06T18:47:54Z,complete
BX,Blackstone Inc.,Financials,Q1,2025,2024,0.739763,,0.739763,0.123867,,0.310311,ok,,2026-04-03T23:41:45Z,partial
XYZ,"Block, Inc.",Financials,Q1,2025,2024,0.752932,0.927598,0.822798,0.180185,0.989536,0.716059,ok,,2026-04-03T23:41:45Z,complete
BK,BNY Mellon,Financials,Q1,2025,2024,,,0.0,,,-3.304518,ok,,2026-04-03T23:41:46Z,failed
BA,Boeing,Industrials,Q1,2025,2024,0.831102,0.103652,0.540122,0.514479,-1.686331,-0.665228,ok,,2026-04-03T23:41:52Z,complete
BKNG,Booking Holdings,Consumer Discretionary,Q1,2025,2024,0.270239,0.666274,0.428653,-1.884054,0.140854,-1.209918,ok,,2026-04-03T23:41:52Z,complete
BSX,Boston Scientific,Health Care,Q1,2025,2024,0.786734,0.936483,0.846633,0.324739,1.018391,0.832528,ok,,2026-04-03T23:41:54Z,complete
BMY,Bristol Myers Squibb,Health Care,Q1,2025,2024,0.707299,1.0,0.82438,-0.014965,1.22467,0.723789,ok,,2026-04-03T23:41:57Z,complete
AVGO,Broadcom,Information Technology,Q1,2025,2024,0.654689,0.818853,0.720354,-0.239952,0.636373,0.21547,ok,,2026-04-03T23:41:57Z,complete
BR,Broadridge Financial Solutions,Industrials,Q1,2025,2024,0.795847,0.931543,0.850125,0.363711,1.002348,0.849591,ok,,2026-04-03T23:42:00Z,complete
BF-B,Brown–Forman,Consumer Staples,Q1,2026,2025,0.120262,0.088243,0.107455,-2.525431,-1.736373,-2.779442,ok,,2026-04-06T18:48:04Z,complete
BRO,Brown & Brown,Financials,Q1,2025,2024,0.966471,0.834127,0.913533,1.093385,0.685977,1.159433,ok,,2026-04-03T23:42:02Z,complete
BLDR,Builders FirstSource,Industrials,Q1,2025,2024,0.807583,0.87496,0.834534,0.4139,0.818588,0.773406,ok,,2026-04-03T23:42:04Z,complete
BG,Bunge Global,Consumer Staples,Q1,2025,2024,0.958704,0.992359,0.972166,1.060169,1.199855,1.445941,ok,,2026-04-03T23:42:05Z,complete
BXP,"BXP, Inc.",Real Estate,Q1,2025,2024,0.907439,0.084365,0.57821,0.840934,-1.748968,-0.479113,ok,,2026-04-03T23:42:07Z,complete
CHRW,C.H. Robinson,Industrials,Q1,2025,2024,0.656203,0.636214,0.648207,-0.233477,0.04323,-0.137075,ok,,2026-04-03T23:42:08Z,complete
CDNS,Cadence Design Systems,Information Technology,Q1,2025,2024,0.8635,0.903253,0.879401,0.653029,0.910473,0.992648,ok,,2026-04-03T23:42:10Z,complete
CPT,Camden Property Trust,Real Estate,Q1,2025,2024,0.770582,0.24907,0.561977,0.255665,-1.214068,-0.558435,ok,,2026-04-03T23:42:13Z,complete
CPB,Campbell's Company (The),Consumer Staples,Q1,2025,2024,0.734038,0.732233,0.733316,0.099384,0.355064,0.278808,ok,,2026-04-03T23:42:13Z,complete
COF,Capital One,Financials,Q1,2025,2024,0.745619,0.743024,0.744581,0.148911,0.390109,0.333854,ok,,2026-04-03T23:42:14Z,complete
CAH,Cardinal Health,Health Care,Q1,2025,2024,0.791529,1.0,0.874917,0.345245,1.22467,0.970737,ok,,2026-04-03T23:42:17Z,complete
CCL,Carnival,Consumer Discretionary,Q1,2025,2024,0.762319,1.0,0.857391,0.220328,1.22467,0.885096,ok,,2026-04-03T23:42:19Z,complete
CARR,Carrier Global,Industrials,Q1,2025,2024,0.0,0.718378,0.287351,-3.039732,0.310068,-1.900386,ok,,2026-04-03T23:42:22Z,complete
CVNA,Carvana,Consumer Discretionary,Q1,2025,2024,0.936072,0.885456,0.915825,0.963383,0.852675,1.170632,ok,,2026-04-03T23:42:22Z,complete
CAT,Caterpillar Inc.,Industrials,Q1,2025,2024,1.0,0.635722,0.854289,1.236772,0.041633,0.869939,ok,,2026-04-03T23:42:24Z,complete
CBOE,Cboe Global Markets,Financials,Q1,2025,2024,0.781464,0.251252,0.569379,0.302202,-1.206981,-0.522265,ok,,2026-04-03T23:42:25Z,complete
CBRE,CBRE Group,Real Estate,Q1,2025,2024,0.840664,0.196141,0.582855,0.555371,-1.385961,-0.456415,ok,,2026-04-03T23:42:27Z,complete
CDW,CDW Corporation,Information Technology,Q1,2025,2024,0.785599,0.882564,0.824385,0.319885,0.843282,0.723814,ok,,2026-04-03T23:42:30Z,complete
COR,Cencora,Health Care,Q1,2025,2024,0.713805,0.120866,0.476629,0.012858,-1.630426,-0.975485,ok,,2026-04-03T23:42:31Z,complete
CNC,Centene Corporation,Health Care,Q1,2025,2024,0.703018,0.083681,0.455283,-0.033273,-1.751189,-1.079792,ok,,2026-04-03T23:42:32Z,complete
CNP,CenterPoint Energy,Utilities,Q1,2025,2024,0.612333,0.066866,0.394146,-0.421088,-1.805798,-1.378536,ok,,2026-04-03T23:42:34Z,complete
CF,CF Industries,Materials,Q1,2025,2024,0.84609,,0.84609,0.578575,,0.829875,ok,,2026-04-03T23:42:35Z,partial
CRL,Charles River Laboratories,Health Care,Q1,2025,2024,0.653325,0.090127,0.428046,-0.245785,-1.730255,-1.212884,ok,,2026-04-03T23:42:37Z,complete
SCHW,Charles Schwab Corporation,Financials,Q1,2025,2024,0.614068,0.119555,0.416263,-0.413668,-1.634684,-1.270462,ok,,2026-04-03T23:42:39Z,complete
CHTR,Charter Communications,Communication Services,Q1,2025,2024,0.713486,0.082573,0.46112,0.011494,-1.754787,-1.051269,ok,,2026-04-03T23:42:41Z,complete
CVX,Chevron Corporation,Energy,Q1,2025,2024,0.881495,0.732837,0.822031,0.729985,0.357026,0.712311,ok,,2026-04-03T23:42:42Z,complete
CMG,Chipotle Mexican Grill,Consumer Discretionary,Q1,2025,2024,0.757811,0.594524,0.692496,0.20105,-0.092163,0.079342,ok,,2026-04-03T23:42:45Z,complete
CB,Chubb Limited,Financials,Q1,2025,2024,0.806373,0.726542,0.77444,0.408725,0.336582,0.479759,ok,,2026-04-03T23:42:45Z,complete
CHD,Church & Dwight,Consumer Staples,Q1,2025,2024,0.662631,0.659836,0.661513,-0.205988,0.119946,-0.072055,ok,,2026-04-03T23:42:47Z,complete
CIEN,Ciena,Information Technology,Q1,2025,2024,0.634277,0.134819,0.434494,-0.327244,-1.585112,-1.181376,ok,,2026-04-03T23:42:49Z,complete
CI,Cigna,Health Care,Q1,2025,2024,0.716902,0.162527,0.495152,0.026102,-1.495127,-0.884973,ok,,2026-04-03T23:42:52Z,complete
CINF,Cincinnati Financial,Financials,Q1,2025,2024,0.733814,0.10801,0.483493,0.098426,-1.672178,-0.941944,ok,,2026-04-03T23:42:53Z,complete
CTAS,Cintas,Industrials,Q1,2025,2024,0.78174,,0.78174,0.303382,,0.51543,ok,,2026-04-03T23:42:55Z,partial
CSCO,Cisco,Information Technology,Q1,2025,2024,0.77225,0.767674,0.77042,0.262798,0.470163,0.460115,ok,,2026-04-03T23:42:56Z,complete
CFG,Citizens Financial Group,Financials,Q1,2025,2024,0.847885,0.700307,0.788854,0.586251,0.25138,0.550193,ok,,2026-04-03T23:43:00Z,complete
CLX,Clorox,Consumer Staples,Q1,2025,2024,0.905116,,0.905116,0.831,,1.118303,ok,,2026-04-03T23:43:02Z,partial
CME,CME Group,Financials,Q1,2025,2024,0.847815,0.728915,0.800255,0.585952,0.344288,0.605903,ok,,2026-04-03T23:43:05Z,complete
CMS,CMS Energy,Utilities,Q1,2025,2024,0.946498,0.721557,0.856522,1.00797,0.320392,0.88085,ok,,2026-04-03T23:43:06Z,complete
KO,Coca-Cola Company (The),Consumer Staples,Q1,2025,2024,0.944785,0.08369,0.600347,1.000645,-1.75116,-0.370941,ok,,2026-04-03T23:43:09Z,complete
CTSH,Cognizant,Information Technology,Q1,2025,2024,0.234867,0.703019,0.422128,-2.035322,0.260188,-1.241802,ok,,2026-04-03T23:43:11Z,complete
COHR,Coherent Corp.,Information Technology,Q1,2025,2024,0.749613,0.20977,0.533675,0.165991,-1.341699,-0.696732,ok,,2026-04-03T23:43:15Z,complete
COIN,Coinbase,Financials,Q1,2025,2024,0.203075,0.965855,0.508187,-2.171281,1.11378,-0.821278,ok,,2026-04-03T23:43:17Z,complete
CL,Colgate-Palmolive,Consumer Staples,Q1,2025,2024,0.689763,0.7137,0.699338,-0.089958,0.294876,0.112776,ok,,2026-04-03T23:43:20Z,complete
CMCSA,Comcast,Communication Services,Q1,2025,2024,0.787442,0.513704,0.677947,0.327767,-0.354636,0.008249,ok,,2026-04-03T23:43:22Z,complete
C,Citigroup,Financials,Q1,2025,2024,0.692968,,0.692968,-0.076252,,0.081649,ok,,2026-04-03T23:42:58Z,partial
FIX,Comfort Systems USA,Industrials,Q1,2025,2024,0.850198,0.845559,0.848343,0.596143,0.723104,0.840884,ok,,2026-04-03T23:43:26Z,complete
CAG,Conagra Brands,Consumer Staples,Q1,2025,2024,0.738529,0.875877,0.793468,0.11859,0.821566,0.572739,ok,,2026-04-03T23:43:28Z,complete
STZ,Constellation Brands,Consumer Staples,Q3,2025,2024,0.673666,,0.673666,-0.158797,,-0.01267,ok,,2026-04-06T18:48:11Z,partial
COP,ConocoPhillips,Energy,Q1,2025,2024,0.099402,0.708545,0.343059,-2.614639,0.278134,-1.628171,ok,,2026-04-03T23:43:30Z,complete
ED,Consolidated Edison,Utilities,Q1,2025,2024,0.982124,0.947314,0.9682,1.160325,1.053566,1.426561,ok,,2026-04-03T23:43:32Z,complete
CEG,Constellation Energy,Utilities,Q1,2025,2024,0.110055,0.118416,0.113399,-2.569081,-1.638383,-2.750397,ok,,2026-04-03T23:43:36Z,complete
COO,Cooper Companies (The),Health Care,Q1,2025,2024,0.859346,0.958796,0.899126,0.635264,1.090855,1.089033,ok,,2026-04-03T23:43:36Z,complete
CPRT,Copart,Industrials,Q1,2025,2024,0.767269,0.965598,0.8466,0.241497,1.112946,0.832367,ok,,2026-04-03T23:43:39Z,complete
GLW,Corning Inc.,Information Technology,Q1,2025,2024,0.940789,0.049518,0.58428,0.983556,-1.862138,-0.449452,ok,,2026-04-03T23:43:40Z,complete
CPAY,Corpay,Financials,Q1,2025,2024,0.773253,0.950089,0.843987,0.267087,1.062578,0.819598,ok,,2026-04-03T23:43:42Z,complete
CTVA,Corteva,Materials,Q1,2025,2024,0.882339,0.085465,0.56359,0.733594,-1.745395,-0.550553,ok,,2026-04-03T23:43:44Z,complete
CSGP,CoStar Group,Real Estate,Q1,2025,2024,0.725361,0.258101,0.538457,0.062277,-1.184738,-0.673364,ok,,2026-04-03T23:43:47Z,complete
COST,Costco,Consumer Staples,Q1,2025,2024,0.965026,0.611776,0.823726,1.087205,-0.036135,0.720594,ok,,2026-04-03T23:43:47Z,complete
CTRA,Coterra,Energy,Q1,2025,2024,0.706752,0.507175,0.626921,-0.017304,-0.37584,-0.241088,ok,,2026-04-03T23:43:49Z,complete
CRH,CRH plc,Materials,Q1,2025,2024,0.693138,0.594561,0.653707,-0.075525,-0.092043,-0.110199,ok,,2026-04-03T23:43:52Z,complete
CRWD,CrowdStrike,Information Technology,Q1,2025,2024,0.805289,0.937615,0.85822,0.404089,1.022067,0.889147,ok,,2026-04-03T23:43:53Z,complete
CCI,Crown Castle,Real Estate,Q1,2025,2024,0.664014,0.919936,0.766382,-0.200074,0.964653,0.440384,ok,,2026-04-03T23:43:54Z,complete
CSX,CSX Corporation,Industrials,Q1,2025,2024,0.565407,0.96445,0.725024,-0.621767,1.109217,0.238289,ok,,2026-04-03T23:43:57Z,complete
CMI,Cummins,Industrials,Q1,2025,2024,0.040858,0.275321,0.134643,-2.865003,-1.128814,-2.646589,ok,,2026-04-03T23:43:59Z,complete
CVS,CVS Health,Health Care,Q1,2025,2024,0.766438,0.747167,0.758729,0.237943,0.403564,0.402988,ok,,2026-04-03T23:44:00Z,complete
DHR,Danaher Corporation,Health Care,Q1,2025,2024,0.803497,0.767526,0.789109,0.396426,0.469682,0.551439,ok,,2026-04-03T23:44:02Z,complete
DRI,Darden Restaurants,Consumer Discretionary,Q1,2025,2024,0.775314,0.770543,0.773405,0.275901,0.47948,0.474702,ok,,2026-04-03T23:44:04Z,complete
DECK,Deckers Brands,Consumer Discretionary,Q3,2025,2024,0.622375,0.680261,0.645529,-0.378143,0.186278,-0.15016,ok,,2026-04-06T18:48:17Z,complete
DDOG,Datadog,Information Technology,Q1,2025,2024,0.977893,0.941879,0.963487,1.142231,1.035915,1.403531,ok,,2026-04-03T23:44:05Z,complete
DVA,DaVita,Health Care,Q1,2025,2024,0.36401,0.901498,0.579005,-1.483042,0.904773,-0.475228,ok,,2026-04-03T23:44:07Z,complete
DE,Deere & Company,Industrials,Q1,2025,2024,0.59563,0.199223,0.437067,-0.492518,-1.375952,-1.168803,ok,,2026-04-03T23:44:10Z,complete
DELL,Dell Technologies,Information Technology,Q1,2025,2024,0.796774,0.912216,0.842951,0.367675,0.939581,0.814536,ok,,2026-04-03T23:44:10Z,complete
DAL,Delta Air Lines,Industrials,Q1,2025,2024,0.679888,0.734372,0.701682,-0.132188,0.362011,0.124229,ok,,2026-04-03T23:44:12Z,complete
DVN,Devon Energy,Energy,Q1,2025,2024,0.731687,0.834127,0.772663,0.08933,0.685977,0.471076,ok,,2026-04-03T23:44:16Z,complete
DXCM,Dexcom,Health Care,Q1,2025,2024,0.273837,0.341692,0.300979,-1.868667,-0.913266,-1.833793,ok,,2026-04-03T23:44:16Z,complete
FANG,Diamondback Energy,Energy,Q1,2025,2024,0.121944,0.945898,0.451525,-2.518238,1.048968,-1.098155,ok,,2026-04-03T23:44:17Z,complete
DLR,Digital Realty,Real Estate,Q1,2025,2024,0.819536,0.860293,0.835839,0.465017,0.770955,0.779783,ok,,2026-04-03T23:44:21Z,complete
DG,Dollar General,Consumer Staples,Q1,2025,2024,0.735471,0.907939,0.804458,0.105513,0.925691,0.626441,ok,,2026-04-03T23:44:21Z,complete
DLTR,Dollar Tree,Consumer Staples,Q1,2025,2024,0.674103,1.0,0.804462,-0.156928,1.22467,0.626461,ok,,2026-04-03T23:44:22Z,complete
DPZ,Domino's,Consumer Discretionary,Q1,2025,2024,0.791529,0.834127,0.808568,0.345245,0.685977,0.646524,ok,,2026-04-03T23:44:27Z,complete
D,Dominion Energy,Utilities,Q1,2025,2024,0.827595,0.951693,0.877234,0.499481,1.067787,0.982059,ok,,2026-04-03T23:44:26Z,complete
DASH,DoorDash,Consumer Discretionary,Q1,2025,2024,0.948268,0.933473,0.94235,1.01554,1.008616,1.300246,ok,,2026-04-03T23:44:27Z,complete
DOV,Dover Corporation,Industrials,Q1,2025,2024,0.742063,0.531898,0.657997,0.133703,-0.295549,-0.089236,ok,,2026-04-03T23:44:31Z,complete
DOW,Dow Inc.,Materials,Q1,2025,2024,0.706182,0.133353,0.477051,-0.019742,-1.589873,-0.973423,ok,,2026-04-03T23:44:32Z,complete
DHI,D. R. Horton,Consumer Discretionary,Q1,2025,2024,0.763873,,0.763873,0.226974,,0.428124,ok,,2026-04-03T23:44:33Z,partial
DTE,DTE Energy,Utilities,Q1,2025,2024,0.914476,0.966761,0.93539,0.871028,1.116723,1.266236,ok,,2026-04-03T23:44:37Z,complete
DD,DuPont,Materials,Q1,2025,2024,0.635023,0.212366,0.46596,-0.324054,-1.333268,-1.027619,ok,,2026-04-03T23:44:38Z,complete
DUK,Duke Energy,Utilities,Q1,2025,2024,0.963405,0.033746,0.591541,1.080273,-1.913359,-0.413971,ok,,2026-04-03T23:44:37Z,complete
ETN,Eaton Corporation,Industrials,Q1,2025,2024,0.801321,0.59881,0.720317,0.38712,-0.078244,0.215289,ok,,2026-04-03T23:44:42Z,complete
EBAY,eBay Inc.,Consumer Discretionary,Q1,2025,2024,0.855695,0.937846,0.888555,0.619651,1.022818,1.037378,ok,,2026-04-03T23:44:43Z,complete
SATS,EchoStar,Communication Services,Q1,2025,2024,0.740196,0.582079,0.67695,0.125719,-0.13258,0.003377,ok,,2026-04-03T23:44:45Z,complete
ECL,Ecolab,Materials,Q1,2025,2024,0.7309,0.932875,0.81169,0.085965,1.006674,0.66178,ok,,2026-04-03T23:44:47Z,complete
EIX,Edison International,Utilities,Q1,2025,2024,,,0.0,,,-3.304518,ok,,2026-04-03T23:44:49Z,failed
EA,Electronic Arts,Communication Services,Q3,2025,2024,0.970705,0.904757,0.944326,1.111492,0.915357,1.309902,ok,,2026-04-06T18:48:23Z,complete
EW,Edwards Lifesciences,Health Care,Q1,2025,2024,0.729094,0.378105,0.588698,0.078241,-0.795011,-0.427863,ok,,2026-04-03T23:44:50Z,complete
ELV,Elevance Health,Health Care,Q1,2025,2024,0.765572,0.739534,0.755157,0.23424,0.378775,0.385533,ok,,2026-04-03T23:44:54Z,complete
EME,Emcor,Industrials,Q1,2025,2024,0.765484,,0.765484,0.233863,,0.435996,ok,,2026-04-03T23:44:54Z,partial
EMR,Emerson Electric,Industrials,Q1,2025,2024,0.990581,,0.990581,1.196491,,1.535925,ok,,2026-04-03T23:44:55Z,partial
ETR,Entergy,Utilities,Q1,2025,2024,,0.650888,0.650888,,0.090886,-0.123974,ok,,2026-04-03T23:44:58Z,partial
EPAM,EPAM Systems,Information Technology,Q1,2025,2024,0.780536,0.777465,0.779307,0.298233,0.50196,0.503541,ok,,2026-04-03T23:45:00Z,complete
EOG,EOG Resources,Energy,Q1,2025,2024,0.767519,0.74206,0.757335,0.242566,0.386978,0.396176,ok,,2026-04-03T23:44:59Z,complete
EQT,EQT Corporation,Energy,Q1,2025,2024,0.658073,0.146312,0.453368,-0.22548,-1.547787,-1.089149,ok,,2026-04-03T23:45:06Z,complete
EFX,Equifax,Industrials,Q1,2025,2024,0.777556,0.147468,0.525521,0.285489,-1.544033,-0.736576,ok,,2026-04-03T23:45:06Z,complete
EQIX,Equinix,Real Estate,Q1,2025,2024,0.667413,0.148819,0.459975,-0.185538,-1.539645,-1.056864,ok,,2026-04-03T23:45:06Z,complete
EQR,Equity Residential,Real Estate,Q1,2025,2024,0.754902,0.834127,0.786592,0.188609,0.685977,0.539139,ok,,2026-04-03T23:45:10Z,complete
ESS,Essex Property Trust,Real Estate,Q1,2025,2024,0.764814,0.959699,0.842768,0.230998,1.093788,0.813642,ok,,2026-04-03T23:45:13Z,complete
ERIE,Erie Indemnity,Financials,Q1,2025,2024,0.812878,0.748108,0.78697,0.436544,0.40662,0.540986,ok,,2026-04-03T23:45:12Z,complete
EL,Estée Lauder Companies (The),Consumer Staples,Q1,2025,2024,0.06875,,0.06875,-2.745722,,-2.968573,ok,,2026-04-03T23:45:16Z,partial
EG,Everest Group,Financials,Q1,2025,2024,0.679285,0.8578,0.750691,-0.134767,0.762858,0.36371,ok,,2026-04-03T23:45:18Z,complete
EVRG,Evergy,Utilities,Q1,2025,2024,0.655358,0.091522,0.429824,-0.237091,-1.725724,-1.204196,ok,,2026-04-03T23:45:18Z,complete
ES,Eversource Energy,Utilities,Q1,2025,2024,0.688505,0.809024,0.736712,-0.095338,0.604452,0.295402,ok,,2026-04-03T23:45:21Z,complete
EXE,Expand Energy,Energy,Q1,2025,2024,1.0,0.887074,0.95483,1.236772,0.857929,1.361229,ok,,2026-04-03T23:45:23Z,complete
EXC,Exelon,Utilities,Q1,2025,2024,0.969537,0.798208,0.901005,1.106497,0.569326,1.098215,ok,,2026-04-03T23:45:23Z,complete
EXPE,Expedia Group,Consumer Discretionary,Q1,2025,2024,0.929005,0.970297,0.945522,0.933161,1.128206,1.315746,ok,,2026-04-03T23:45:27Z,complete
EXPD,Expeditors International,Industrials,Q1,2025,2024,0.787941,0.790043,0.788782,0.329901,0.542809,0.549841,ok,,2026-04-03T23:45:29Z,complete
EXR,Extra Space Storage,Real Estate,Q1,2025,2024,0.960254,0.893111,0.933397,1.066798,0.877535,1.256497,ok,,2026-04-03T23:45:30Z,complete
XOM,ExxonMobil,Energy,Q1,2025,2024,0.910316,0.910316,0.910316,0.853238,0.933411,1.143713,ok,,2026-04-03T23:45:32Z,complete
FFIV,"F5, Inc.",Information Technology,Q1,2025,2024,0.780226,0.8204,0.796295,0.296907,0.641397,0.586553,ok,,2026-04-03T23:45:34Z,complete
FDS,FactSet,Financials,Q1,2025,2024,0.703005,0.985081,0.815835,-0.033328,1.176219,0.682034,ok,,2026-04-03T23:45:35Z,complete
FICO,Fair Isaac,Information Technology,Q1,2025,2024,0.82824,0.98172,0.889632,0.50224,1.165304,1.042641,ok,,2026-04-03T23:45:37Z,complete
FAST,Fastenal,Industrials,Q1,2025,2024,0.637361,0.044568,0.400244,-0.314055,-1.878213,-1.348738,ok,,2026-04-03T23:45:39Z,complete
FRT,Federal Realty Investment Trust,Real Estate,Q1,2025,2024,0.790282,0.573873,0.703718,0.339912,-0.15923,0.134178,ok,,2026-04-03T23:45:40Z,complete
FDX,FedEx,Industrials,Q1,2025,2024,0.165316,0.13432,0.152918,-2.332757,-1.586733,-2.557289,ok,,2026-04-03T23:45:41Z,complete
FIS,Fidelity National Information Services,Financials,Q1,2025,2024,0.862416,0.631935,0.770224,0.648393,0.029334,0.459158,ok,,2026-04-03T23:45:43Z,complete
FITB,Fifth Third Bancorp,Financials,Q1,2025,2024,0.757607,,0.757607,0.200177,,0.397505,ok,,2026-04-03T23:45:44Z,partial
FSLR,First Solar,Information Technology,Q1,2025,2024,0.773987,0.229478,0.556183,0.270226,-1.277695,-0.586747,ok,,2026-04-03T23:45:46Z,complete
FE,FirstEnergy,Utilities,Q1,2025,2024,0.905759,0.04414,0.561111,0.83375,-1.879603,-0.562666,ok,,2026-04-03T23:45:48Z,complete
FISV,Fiserv,Financials,Q1,2025,2024,0.974327,,0.974327,1.126981,,1.456501,ok,,2026-04-03T23:45:53Z,partial
F,Ford Motor Company,Consumer Discretionary,Q1,2025,2024,0.476886,0.115337,0.332266,-1.000327,-1.648382,-1.68091,ok,,2026-04-03T23:45:53Z,complete
FTNT,Fortinet,Information Technology,Q1,2025,2024,0.739687,0.9505,0.824012,0.123542,1.063913,0.721991,ok,,2026-04-03T23:45:55Z,complete
FTV,Fortive,Industrials,Q1,2025,2024,0.810405,0.772143,0.7951,0.425968,0.484677,0.580713,ok,,2026-04-03T23:45:57Z,complete
FOXA,Fox Corporation(Class A),Communication Services,Q1,2025,2024,0.857841,0.771634,0.823358,0.628828,0.483024,0.718795,ok,,2026-04-03T23:46:00Z,complete
FOX,Fox Corporation(Class B),Communication Services,Q1,2025,2024,0.857841,0.771634,0.823358,0.628828,0.483024,0.718795,ok,,2026-04-03T23:46:01Z,complete
FCX,Freeport-McMoRan,Materials,Q1,2025,2024,0.963303,0.755703,0.880263,1.079837,0.431286,0.99686,ok,,2026-04-03T23:46:06Z,complete
GRMN,Garmin,Consumer Discretionary,Q1,2025,2024,0.929134,0.151556,0.618103,0.933713,-1.530756,-0.284177,ok,,2026-04-03T23:46:07Z,complete
BEN,Franklin Resources,Financials,Q1,2025,2024,0.745044,0.969027,0.834637,0.146452,1.124082,0.77391,ok,,2026-04-03T23:46:04Z,complete
IT,Gartner,Information Technology,Q1,2025,2024,0.767239,0.754442,0.76212,0.241369,0.42719,0.419558,ok,,2026-04-03T23:46:11Z,complete
GEHC,GE HealthCare,Health Care,Q1,2025,2024,0.958928,1.0,0.975357,1.061127,1.22467,1.461534,ok,,2026-04-03T23:46:12Z,complete
GE,GE Aerospace,Industrials,Q1,2025,2024,0.604885,0.834127,0.696582,-0.452939,0.685977,0.099308,ok,,2026-04-03T23:46:12Z,complete
GEN,Gen Digital,Information Technology,Q1,2026,2025,,,,,,,failed,"No 10-Q found for Q1 2025 (window 2024-12-29 – 2025-07-01). The filing may not yet be available, or the company uses a very non-standard fiscal year.",2026-04-06T18:48:29Z,unknown
GEV,GE Vernova,Industrials,Q1,2025,2024,0.029586,0.22122,0.106239,-2.913207,-1.304514,-2.785384,ok,,2026-04-03T23:46:16Z,complete
GNRC,Generac,Industrials,Q1,2025,2024,0.784821,0.13312,0.524141,0.316558,-1.59063,-0.743319,ok,,2026-04-03T23:46:17Z,complete
GIS,General Mills,Consumer Staples,Q1,2025,2024,0.572435,,0.572435,-0.591712,,-0.507332,ok,,2026-04-03T23:46:20Z,partial
GD,General Dynamics,Industrials,Q1,2025,2024,0.720283,0.629394,0.683928,0.040561,0.021082,0.037475,ok,,2026-04-03T23:46:19Z,complete
GM,General Motors,Consumer Discretionary,Q1,2025,2024,0.777081,0.774615,0.776095,0.283458,0.492705,0.487846,ok,,2026-04-03T23:46:23Z,complete
GPC,Genuine Parts Company,Consumer Discretionary,Q1,2025,2024,0.599549,0.111809,0.404453,-0.475758,-1.65984,-1.328171,ok,,2026-04-03T23:46:25Z,complete
GILD,Gilead Sciences,Health Care,Q1,2025,2024,0.917162,0.891455,0.90688,0.882515,0.872157,1.126923,ok,,2026-04-03T23:46:26Z,complete
GPN,Global Payments,Financials,Q1,2025,2024,0.697001,0.12031,0.466325,-0.059005,-1.632232,-1.025835,ok,,2026-04-03T23:46:27Z,complete
GL,Globe Life,Financials,Q1,2025,2024,0.939485,0.067483,0.590684,0.977979,-1.803794,-0.418159,ok,,2026-04-03T23:46:31Z,complete
GDDY,GoDaddy,Information Technology,Q1,2025,2024,0.753655,0.793136,0.769448,0.183276,0.552854,0.455366,ok,,2026-04-03T23:46:31Z,complete
HAL,Halliburton,Energy,Q1,2025,2024,0.505408,0.913306,0.668567,-0.878353,0.943121,-0.037586,ok,,2026-04-03T23:46:37Z,complete
HIG,Hartford (The),Financials,Q1,2025,2024,0.996705,0.163063,0.663248,1.222681,-1.493386,-0.063577,ok,,2026-04-03T23:46:37Z,complete
HAS,Hasbro,Consumer Discretionary,Q1,2025,2024,0.627299,0.086008,0.410782,-0.357085,-1.743632,-1.297244,ok,,2026-04-03T23:46:42Z,complete
HCA,HCA Healthcare,Health Care,Q1,2025,2024,0.135694,0.127538,0.132431,-2.459436,-1.608758,-2.657398,ok,,2026-04-03T23:46:43Z,complete
DOC,Healthpeak Properties,Real Estate,Q1,2025,2024,0.782012,0.61369,0.714683,0.304545,-0.029919,0.187758,ok,,2026-04-03T23:46:46Z,complete
HSIC,Henry Schein,Health Care,Q1,2025,2024,0.741092,0.684127,0.718306,0.129551,0.198834,0.205462,ok,,2026-04-03T23:46:49Z,complete
HSY,Hershey Company (The),Consumer Staples,Q1,2025,2024,0.678684,0.108273,0.45052,-0.137337,-1.671323,-1.103066,ok,,2026-04-03T23:46:52Z,complete
HPE,Hewlett Packard Enterprise,Information Technology,Q1,2025,2024,0.425,0.434112,0.428645,-1.222218,-0.613121,-1.209957,ok,,2026-04-03T23:46:53Z,complete
HLT,Hilton Worldwide,Consumer Discretionary,Q1,2025,2024,0.990749,0.701968,0.875236,1.19721,0.256775,0.972296,ok,,2026-04-03T23:46:56Z,complete
GS,Goldman Sachs,Financials,Q1,2025,2024,0.91462,,0.91462,0.871644,,1.164744,ok,,2026-04-03T23:46:32Z,partial
HOLX,Hologic,Health Care,Q1,2025,2024,0.763556,0.497098,0.656973,0.225618,-0.408566,-0.09424,ok,,2026-04-03T23:46:58Z,complete
HD,Home Depot (The),Consumer Discretionary,Q1,2025,2024,0.803163,0.097147,0.520757,0.394998,-1.707456,-0.759855,ok,,2026-04-03T23:47:01Z,complete
HRL,Hormel Foods,Consumer Staples,Q1,2025,2024,0.625485,0.11601,0.421695,-0.364843,-1.646197,-1.243918,ok,,2026-04-03T23:47:04Z,complete
HON,Honeywell,Industrials,Q1,2025,2024,0.118851,0.107529,0.114323,-2.531465,-1.67374,-2.745882,ok,,2026-04-03T23:47:03Z,complete
HST,Host Hotels & Resorts,Real Estate,Q1,2025,2024,0.758438,,0.758438,0.203731,,0.401566,ok,,2026-04-03T23:47:06Z,partial
HWM,Howmet Aerospace,Industrials,Q1,2025,2024,0.591407,0.688815,0.630371,-0.510578,0.214059,-0.22423,ok,,2026-04-03T23:47:09Z,complete
HPQ,HP Inc.,Information Technology,Q1,2025,2024,0.772337,0.629349,0.715142,0.26317,0.020935,0.190001,ok,,2026-04-03T23:47:10Z,complete
HUBB,Hubbell Incorporated,Industrials,Q1,2025,2024,0.361617,0.16444,0.282746,-1.493275,-1.488914,-1.922888,ok,,2026-04-03T23:47:11Z,complete
HUM,Humana,Health Care,Q1,2025,2024,0.874365,0.727367,0.815566,0.699493,0.339261,0.68072,ok,,2026-04-03T23:47:14Z,complete
HII,Huntington Ingalls Industries,Industrials,Q1,2025,2024,0.823309,0.685657,0.768248,0.481152,0.203803,0.449502,ok,,2026-04-03T23:47:16Z,complete
HBAN,Huntington Bancshares,Financials,Q1,2025,2024,0.768538,0.227397,0.552082,0.246924,-1.284453,-0.606786,ok,,2026-04-03T23:47:15Z,complete
IEX,IDEX Corporation,Industrials,Q1,2025,2024,0.690539,0.717601,0.701363,-0.086639,0.307545,0.122671,ok,,2026-04-03T23:47:21Z,complete
IDXX,Idexx Laboratories,Health Care,Q1,2025,2024,0.729598,0.738286,0.733073,0.080397,0.374722,0.277621,ok,,2026-04-03T23:47:21Z,complete
IBM,IBM,Information Technology,Q1,2025,2024,0.691667,,0.691667,-0.081815,,0.075291,ok,,2026-04-03T23:47:20Z,partial
ITW,Illinois Tool Works,Industrials,Q1,2025,2024,0.824117,0.748253,0.793772,0.484608,0.407091,0.574224,ok,,2026-04-03T23:47:25Z,complete
IR,Ingersoll Rand,Industrials,Q1,2025,2024,0.919841,0.919841,0.919841,0.893972,0.964344,1.190256,ok,,2026-04-03T23:47:27Z,complete
INCY,Incyte,Health Care,Q1,2025,2024,0.877322,0.96347,0.911781,0.712139,1.106035,1.150872,ok,,2026-04-03T23:47:26Z,complete
PODD,Insulet Corporation,Health Care,Q1,2025,2024,0.680751,1.0,0.80845,-0.128498,1.22467,0.645948,ok,,2026-04-03T23:47:30Z,complete
INTC,Intel,Information Technology,Q1,2025,2024,0.446302,0.290418,0.383948,-1.13112,-1.079785,-1.428368,ok,,2026-04-03T23:47:31Z,complete
IBKR,Interactive Brokers,Financials,Q1,2025,2024,0.819952,1.0,0.891971,0.466796,1.22467,1.054071,ok,,2026-04-03T23:47:32Z,complete
ICE,Intercontinental Exchange,Financials,Q1,2025,2024,,0.834127,0.834127,,0.685977,0.771418,ok,,2026-04-03T23:47:35Z,partial
IFF,International Flavors & Fragrances,Materials,Q1,2025,2024,0.13757,1.0,0.482542,-2.451413,1.22467,-0.946591,ok,,2026-04-03T23:47:37Z,complete
IP,International Paper,Materials,Q1,2025,2024,0.067114,0.232682,0.133341,-2.752719,-1.26729,-2.652951,ok,,2026-04-03T23:47:37Z,complete
INTU,Intuit,Information Technology,Q1,2025,2024,0.390341,0.931729,0.606896,-1.370437,1.002952,-0.338939,ok,,2026-04-03T23:47:39Z,complete
ISRG,Intuitive Surgical,Health Care,Q1,2025,2024,0.945698,0.939073,0.943048,1.004549,1.026802,1.303657,ok,,2026-04-03T23:47:42Z,complete
INVH,Invitation Homes,Real Estate,Q1,2025,2024,0.786384,1.0,0.87183,0.323242,1.22467,0.955652,ok,,2026-04-03T23:47:44Z,complete
IVZ,Invesco,Financials,Q1,2025,2024,0.747761,0.68588,0.723008,0.158071,0.204527,0.228438,ok,,2026-04-03T23:47:43Z,complete
IQV,IQVIA,Health Care,Q1,2025,2024,0.894966,0.840908,0.873343,0.787594,0.707999,0.963045,ok,,2026-04-03T23:47:46Z,complete
IRM,Iron Mountain,Real Estate,Q1,2025,2024,0.977168,,0.977168,1.139131,,1.470383,ok,,2026-04-03T23:47:49Z,partial
JBHT,J.B. Hunt,Industrials,Q1,2025,2024,0.830193,0.950932,0.878489,0.510592,1.065316,0.988191,ok,,2026-04-03T23:47:49Z,complete
JBL,Jabil,Information Technology,Q1,2025,2024,0.888579,0.529062,0.744772,0.760279,-0.304759,0.334787,ok,,2026-04-03T23:47:51Z,complete
JKHY,Jack Henry & Associates,Financials,Q1,2025,2024,0.671638,,0.671638,-0.16747,,-0.02258,ok,,2026-04-03T23:47:53Z,partial
J,Jacobs Solutions,Industrials,Q1,2025,2024,0.565274,0.532082,0.551998,-0.622336,-0.294951,-0.607197,ok,,2026-04-03T23:47:54Z,complete
JNJ,Johnson & Johnson,Health Care,Q1,2025,2024,0.736961,,0.736961,0.111885,,0.296619,ok,,2026-04-03T23:47:55Z,partial
JCI,Johnson Controls,Industrials,Q1,2025,2024,0.928065,0.083107,0.590082,0.929142,-1.753053,-0.4211,ok,,2026-04-03T23:47:57Z,complete
KVUE,Kenvue,Consumer Staples,Q1,2025,2024,0.642894,0.760369,0.689884,-0.290393,0.446439,0.066579,ok,,2026-04-03T23:48:01Z,complete
KDP,Keurig Dr Pepper,Consumer Staples,Q1,2025,2024,0.069568,0.492862,0.238886,-2.742224,-0.422323,-2.137209,ok,,2026-04-03T23:48:02Z,complete
KEY,KeyCorp,Financials,Q1,2025,2024,0.758794,0.603533,0.696689,0.205253,-0.062905,0.099831,ok,,2026-04-03T23:48:04Z,complete
KEYS,Keysight Technologies,Information Technology,Q1,2025,2024,0.909879,0.908895,0.909485,0.851369,0.928796,1.139652,ok,,2026-04-03T23:48:06Z,complete
KMB,Kimberly-Clark,Consumer Staples,Q1,2025,2024,0.105016,,0.105016,-2.590631,,-2.79136,ok,,2026-04-03T23:48:10Z,partial
KIM,Kimco Realty,Real Estate,Q1,2025,2024,0.776576,0.757113,0.768791,0.281298,0.435865,0.452155,ok,,2026-04-03T23:48:11Z,complete
KMI,Kinder Morgan,Energy,Q1,2025,2024,0.966668,0.090965,0.616387,1.094227,-1.727533,-0.292562,ok,,2026-04-03T23:48:15Z,complete
KKR,KKR & Co.,Financials,Q1,2025,2024,0.816974,0.725128,0.780235,0.45406,0.33199,0.508076,ok,,2026-04-03T23:48:16Z,complete
KLAC,KLA Corporation,Information Technology,Q1,2025,2024,0.738573,0.932,0.815944,0.118778,1.003832,0.682567,ok,,2026-04-03T23:48:20Z,complete
KHC,Kraft Heinz,Consumer Staples,Q1,2025,2024,0.696627,0.72324,0.707272,-0.060604,0.325858,0.151545,ok,,2026-04-03T23:48:23Z,complete
KR,Kroger,Consumer Staples,Q3,2025,2024,0.66518,,0.66518,-0.195087,,-0.054136,ok,,2026-04-06T18:48:33Z,partial
LHX,L3Harris,Industrials,Q1,2025,2024,0.969858,0.13845,0.637295,1.107869,-1.57332,-0.190396,ok,,2026-04-03T23:48:28Z,complete
LH,Labcorp,Health Care,Q1,2025,2024,0.727827,0.078709,0.46818,0.072823,-1.767336,-1.016771,ok,,2026-04-03T23:48:28Z,complete
LRCX,Lam Research,Information Technology,Q1,2025,2024,0.827983,0.956614,0.879435,0.50114,1.083769,0.992814,ok,,2026-04-03T23:48:32Z,complete
LVS,Las Vegas Sands,Consumer Discretionary,Q1,2025,2024,0.821539,0.59225,0.729823,0.473583,-0.099548,0.261739,ok,,2026-04-03T23:48:33Z,complete
LDOS,Leidos,Industrials,Q1,2025,2024,0.365379,0.727003,0.510029,-1.477187,0.338079,-0.812277,ok,,2026-04-03T23:48:37Z,complete
LEN,Lennar,Consumer Discretionary,Q1,2025,2024,0.678487,0.907577,0.770123,-0.13818,0.924515,0.458664,ok,,2026-04-03T23:48:38Z,complete
LII,Lennox International,Industrials,Q1,2025,2024,0.789668,0.770342,0.781937,0.337286,0.478828,0.516393,ok,,2026-04-03T23:48:41Z,complete
JPM,JPMorgan Chase,Financials,Q1,2025,2024,0.912108,0.552851,0.768405,0.860901,-0.227501,0.450269,ok,,2026-04-03T23:47:59Z,complete
LLY,Lilly (Eli),Health Care,Q1,2025,2024,0.608873,0.688049,0.640543,-0.435884,0.211571,-0.174524,ok,,2026-04-03T23:48:43Z,complete
LIN,Linde plc,Materials,Q1,2025,2024,0.889563,0.717833,0.820871,0.764488,0.308298,0.706643,ok,,2026-04-03T23:48:46Z,complete
LYV,Live Nation Entertainment,Communication Services,Q1,2025,2024,0.807209,0.794888,0.80228,0.4123,0.558544,0.615798,ok,,2026-04-03T23:48:48Z,complete
LMT,Lockheed Martin,Industrials,Q1,2025,2024,0.913885,0.103212,0.589616,0.868501,-1.68776,-0.423378,ok,,2026-04-03T23:48:48Z,complete
L,Loews Corporation,Financials,Q1,2025,2024,0.928639,0.630082,0.809216,0.931596,0.023316,0.649691,ok,,2026-04-03T23:48:50Z,complete
LOW,Lowe's,Consumer Discretionary,Q1,2025,2024,0.74403,1.0,0.846418,0.142115,1.22467,0.831477,ok,,2026-04-03T23:48:53Z,complete
LULU,Lululemon Athletica,Consumer Discretionary,Q1,2025,2024,0.880178,0.930135,0.900161,0.724353,0.997775,1.094091,ok,,2026-04-03T23:48:53Z,complete
LITE,Lumentum,Information Technology,Q1,2025,2024,0.732322,0.918285,0.806707,0.092046,0.959291,0.637431,ok,,2026-04-03T23:48:55Z,complete
LYB,LyondellBasell,Materials,Q1,2025,2024,0.907061,0.542133,0.761089,0.839318,-0.262309,0.41452,ok,,2026-04-03T23:48:57Z,complete
MTB,M&T Bank,Financials,Q1,2025,2024,0.071718,0.170896,0.111389,-2.73303,-1.467947,-2.760219,ok,,2026-04-03T23:48:58Z,complete
MPC,Marathon Petroleum,Energy,Q1,2025,2024,0.792709,0.614303,0.721347,0.350291,-0.027928,0.220322,ok,,2026-04-03T23:49:00Z,complete
MAR,Marriott International,Consumer Discretionary,Q1,2025,2024,0.887825,0.715836,0.81903,0.757055,0.301813,0.697647,ok,,2026-04-03T23:49:02Z,complete
MRSH,Marsh McLennan,Financials,Q1,2025,2024,0.939012,0.970426,0.951577,0.975956,1.128625,1.345333,ok,,2026-04-03T23:49:05Z,complete
MLM,Martin Marietta Materials,Materials,Q1,2025,2024,0.835497,0.723931,0.790871,0.533274,0.328102,0.560049,ok,,2026-04-03T23:49:05Z,complete
MAS,Masco,Industrials,Q1,2025,2024,0.100009,0.464691,0.245882,-2.612043,-0.513812,-2.103023,ok,,2026-04-03T23:49:07Z,complete
MA,Mastercard,Financials,Q1,2025,2024,0.811129,0.734769,0.780585,0.429064,0.3633,0.509786,ok,,2026-04-03T23:49:09Z,complete
MKC,McCormick & Company,Consumer Staples,Q1,2025,2024,0.786906,0.834127,0.805794,0.325475,0.685977,0.632969,ok,,2026-04-03T23:49:10Z,complete
MCK,McKesson Corporation,Health Care,Q3,2025,2024,0.669289,0.270973,0.509962,-0.177515,-1.142935,-0.812604,ok,,2026-04-06T18:48:40Z,complete
MDT,Medtronic,Health Care,Q1,2026,2025,0.876316,0.974454,0.915572,0.707837,1.141707,1.169396,ok,,2026-04-06T18:48:45Z,complete
MCD,McDonald's,Consumer Discretionary,Q1,2025,2024,0.066854,0.972563,0.429138,-2.753831,1.135565,-1.207548,ok,,2026-04-03T23:49:11Z,complete
MRK,Merck & Co.,Health Care,Q1,2025,2024,0.680756,,0.680756,-0.128476,,0.021975,ok,,2026-04-03T23:49:15Z,partial
META,Meta Platforms,Communication Services,Q1,2025,2024,0.910803,0.959945,0.93046,0.855321,1.094587,1.242146,ok,,2026-04-03T23:49:17Z,complete
MET,MetLife,Financials,Q1,2025,2024,0.771929,0.708969,0.746745,0.261425,0.279511,0.344428,ok,,2026-04-03T23:49:17Z,complete
MTD,Mettler Toledo,Health Care,Q1,2025,2024,0.722732,0.606942,0.676416,0.051034,-0.051834,0.000768,ok,,2026-04-03T23:49:22Z,complete
MCHP,Microchip Technology,Information Technology,Q3,2025,2024,0.798393,0.796257,0.797538,0.374599,0.56299,0.592627,ok,,2026-04-06T18:48:51Z,complete
MGM,MGM Resorts,Consumer Discretionary,Q1,2025,2024,0.757566,0.115801,0.50086,0.200002,-1.646875,-0.857081,ok,,2026-04-03T23:49:23Z,complete
MU,Micron Technology,Information Technology,Q1,2025,2024,0.065926,0.884993,0.393553,-2.757799,0.851171,-1.381433,ok,,2026-04-03T23:49:27Z,complete
MSFT,Microsoft,Information Technology,Q1,2025,2024,0.797525,0.872551,0.827535,0.370887,0.810764,0.739206,ok,,2026-04-03T23:49:27Z,complete
MAA,Mid-America Apartment Communities,Real Estate,Q1,2025,2024,0.814076,0.834127,0.822096,0.441667,0.685977,0.712629,ok,,2026-04-03T23:49:28Z,complete
MRNA,Moderna,Health Care,Q1,2025,2024,0.791529,0.901315,0.835443,0.345245,0.904179,0.777848,ok,,2026-04-03T23:49:32Z,complete
TAP,Molson Coors Beverage Company,Consumer Staples,Q1,2025,2024,0.906487,1.0,0.943892,0.836863,1.22467,1.307781,ok,,2026-04-03T23:49:34Z,complete
MDLZ,Mondelez International,Consumer Staples,Q1,2025,2024,0.746505,0.712963,0.733088,0.152699,0.292482,0.277694,ok,,2026-04-03T23:49:34Z,complete
MPWR,Monolithic Power Systems,Information Technology,Q1,2025,2024,0.752095,0.672317,0.720184,0.176605,0.160479,0.214639,ok,,2026-04-03T23:49:37Z,complete
MNST,Monster Beverage,Consumer Staples,Q1,2025,2024,0.844107,0.0,0.506464,0.570095,-2.022953,-0.829697,ok,,2026-04-03T23:49:38Z,complete
MCO,Moody's Corporation,Financials,Q1,2025,2024,0.733759,0.9365,0.814855,0.098191,1.018446,0.677246,ok,,2026-04-03T23:49:40Z,complete
MOS,Mosaic Company (The),Materials,Q1,2025,2024,0.715616,0.130286,0.481484,0.020603,-1.599833,-0.951761,ok,,2026-04-03T23:49:43Z,complete
MSI,Motorola Solutions,Information Technology,Q1,2025,2024,0.939167,0.521556,0.772122,0.976619,-0.329136,0.468432,ok,,2026-04-03T23:49:45Z,complete
MSCI,MSCI Inc.,Financials,Q1,2025,2024,0.147077,0.68834,0.363582,-2.410757,0.212516,-1.527886,ok,,2026-04-03T23:49:48Z,complete
NTAP,NetApp,Information Technology,Q1,2026,2025,0.791529,0.870544,0.823135,0.345245,0.804246,0.717706,ok,,2026-04-06T18:48:57Z,complete
NDAQ,"Nasdaq, Inc.",Financials,Q1,2025,2024,1.0,0.175022,0.670009,1.236772,-1.454548,-0.03054,ok,,2026-04-03T23:49:50Z,complete
NFLX,Netflix,Communication Services,Q1,2025,2024,0.238852,0.622937,0.392486,-2.01828,0.000112,-1.386647,ok,,2026-04-03T23:49:53Z,complete
NEM,Newmont,Materials,Q1,2025,2024,0.524045,0.932785,0.687541,-0.798652,1.006381,0.05513,ok,,2026-04-03T23:49:55Z,complete
NWSA,News Corp(Class A),Communication Services,Q1,2025,2024,0.946809,0.796887,0.886841,1.0093,0.565036,1.029003,ok,,2026-04-03T23:50:00Z,complete
NWS,News Corp(Class B),Communication Services,Q1,2025,2024,0.946809,0.796887,0.886841,1.0093,0.565036,1.029003,ok,,2026-04-03T23:50:01Z,complete
NEE,NextEra Energy,Utilities,Q1,2025,2024,0.847282,0.909131,0.872022,0.583673,0.929562,0.95659,ok,,2026-04-03T23:50:04Z,complete
NKE,"Nike, Inc.",Consumer Discretionary,Q1,2025,2024,0.091372,0.677581,0.325855,-2.648979,0.177575,-1.712237,ok,,2026-04-03T23:50:05Z,complete
MS,Morgan Stanley,Financials,Q1,2025,2024,,0.768027,0.768027,,0.471309,0.448422,ok,,2026-04-03T23:49:41Z,partial
NI,NiSource,Utilities,Q1,2025,2024,0.735301,1.0,0.84118,0.104786,1.22467,0.805882,ok,,2026-04-03T23:50:10Z,complete
NDSN,Nordson Corporation,Industrials,Q1,2025,2024,0.544422,0.072427,0.355624,-0.711509,-1.787738,-1.566772,ok,,2026-04-03T23:50:10Z,complete
NSC,Norfolk Southern,Industrials,Q1,2025,2024,0.087682,0.566109,0.279053,-2.66476,-0.184444,-1.940934,ok,,2026-04-03T23:50:14Z,complete
NTRS,Northern Trust,Financials,Q1,2025,2024,,0.631332,0.631332,,0.027375,-0.219534,ok,,2026-04-03T23:50:15Z,partial
NOC,Northrop Grumman,Industrials,Q1,2025,2024,0.09341,0.572398,0.285005,-2.640264,-0.16402,-1.91185,ok,,2026-04-03T23:50:16Z,complete
NCLH,Norwegian Cruise Line Holdings,Consumer Discretionary,Q1,2025,2024,0.69673,0.716294,0.704556,-0.060163,0.3033,0.138273,ok,,2026-04-03T23:50:20Z,complete
NRG,NRG Energy,Utilities,Q1,2025,2024,0.935347,0.850898,0.901567,0.960283,0.740443,1.100961,ok,,2026-04-03T23:50:21Z,complete
NUE,Nucor,Materials,Q1,2025,2024,0.177667,0.110998,0.150999,-2.279938,-1.662474,-2.566666,ok,,2026-04-03T23:50:22Z,complete
NVDA,Nvidia,Information Technology,Q1,2025,2024,0.575246,0.58912,0.580795,-0.57969,-0.109713,-0.466481,ok,,2026-04-03T23:50:24Z,complete
NVR,"NVR, Inc.",Consumer Discretionary,Q1,2025,2024,0.742896,0.57077,0.674046,0.137266,-0.169307,-0.010813,ok,,2026-04-03T23:50:27Z,complete
NXPI,NXP Semiconductors,Information Technology,Q1,2025,2024,0.755085,0.972857,0.842194,0.189392,1.13652,0.810837,ok,,2026-04-03T23:50:27Z,complete
ORLY,O’Reilly Automotive,Consumer Discretionary,Q1,2025,2024,0.856878,0.67115,0.782586,0.62471,0.156689,0.519564,ok,,2026-04-03T23:50:29Z,complete
OXY,Occidental Petroleum,Energy,Q1,2025,2024,0.917295,0.903121,0.911625,0.883084,0.910044,1.150109,ok,,2026-04-03T23:50:31Z,complete
ODFL,Old Dominion,Industrials,Q1,2025,2024,0.862289,0.73482,0.811301,0.64785,0.363466,0.659879,ok,,2026-04-03T23:50:32Z,complete
OMC,Omnicom Group,Communication Services,Q1,2025,2024,0.767238,0.092754,0.497444,0.241364,-1.721723,-0.873773,ok,,2026-04-03T23:50:34Z,complete
ON,ON Semiconductor,Information Technology,Q1,2025,2024,0.660565,0.968907,0.783902,-0.214823,1.123692,0.525995,ok,,2026-04-03T23:50:36Z,complete
OKE,Oneok,Energy,Q1,2025,2024,0.471186,0.706461,0.565296,-1.024703,0.271366,-0.542216,ok,,2026-04-03T23:50:37Z,complete
ORCL,Oracle Corporation,Information Technology,Q1,2025,2024,0.117407,,0.117407,-2.53764,,-2.730812,ok,,2026-04-03T23:50:38Z,partial
OTIS,Otis Worldwide,Industrials,Q1,2025,2024,0.12315,0.7026,0.35493,-2.51308,0.258827,-1.570163,ok,,2026-04-03T23:50:41Z,complete
PKG,Packaging Corporation of America,Materials,Q1,2025,2024,0.767649,0.76187,0.765337,0.243122,0.451314,0.435278,ok,,2026-04-03T23:50:43Z,complete
PCAR,Paccar,Industrials,Q1,2025,2024,0.735019,0.905879,0.803363,0.10358,0.919001,0.62109,ok,,2026-04-03T23:50:43Z,complete
PLTR,Palantir Technologies,Information Technology,Q1,2025,2024,0.944504,0.977682,0.957775,0.999443,1.15219,1.37562,ok,,2026-04-03T23:50:45Z,complete
PSKY,Paramount Skydance Corporation,Communication Services,Q2,2025,2024,,,,,,,failed,"No 10-Q found for Q2 2024 (window 2024-03-30 – 2024-09-30). The filing may not yet be available, or the company uses a very non-standard fiscal year.",2026-04-06T18:49:03Z,unknown
PANW,Palo Alto Networks,Information Technology,Q1,2025,2024,0.754004,0.962467,0.837389,0.184769,1.102777,0.787357,ok,,2026-04-03T23:50:48Z,complete
PH,Parker Hannifin,Industrials,Q1,2025,2024,0.692518,,0.692518,-0.078176,,0.07945,ok,,2026-04-03T23:50:50Z,partial
PAYX,Paychex,Industrials,Q1,2025,2024,0.751292,,0.751292,0.173171,,0.366647,ok,,2026-04-03T23:50:52Z,partial
PYPL,PayPal,Financials,Q1,2025,2024,0.920726,0.306512,0.67504,0.897756,-1.027518,-0.005956,ok,,2026-04-03T23:50:53Z,complete
PNR,Pentair,Industrials,Q1,2025,2024,0.839082,0.765058,0.809472,0.548605,0.461667,0.650942,ok,,2026-04-03T23:50:56Z,complete
PEP,PepsiCo,Consumer Staples,Q1,2025,2024,0.96238,0.863281,0.92274,1.07589,0.780659,1.204422,ok,,2026-04-03T23:50:57Z,complete
PFE,Pfizer,Health Care,Q1,2025,2024,0.779241,0.936542,0.842161,0.292695,1.018583,0.810676,ok,,2026-04-03T23:50:58Z,complete
PCG,PG&E Corporation,Utilities,Q1,2025,2024,0.914354,0.019324,0.556342,0.870506,-1.960196,-0.58597,ok,,2026-04-03T23:51:01Z,complete
PM,Philip Morris International,Consumer Staples,Q1,2025,2024,0.787541,0.480443,0.664702,0.32819,-0.462655,-0.056472,ok,,2026-04-03T23:51:03Z,complete
PSX,Phillips 66,Energy,Q1,2025,2024,0.884996,0.708012,0.814202,0.744957,0.276403,0.674055,ok,,2026-04-03T23:51:05Z,complete
PNW,Pinnacle West Capital,Utilities,Q1,2025,2024,0.05311,0.932727,0.404957,-2.812607,1.006193,-1.325708,ok,,2026-04-03T23:51:07Z,complete
PNC,PNC Financial Services,Financials,Q1,2025,2024,1.0,0.737416,0.894967,1.236772,0.371896,1.06871,ok,,2026-04-03T23:51:08Z,complete
POOL,Pool Corporation,Consumer Discretionary,Q1,2025,2024,0.767342,0.941343,0.836942,0.241809,1.034175,0.785173,ok,,2026-04-03T23:51:10Z,complete
PPG,PPG Industries,Materials,Q1,2025,2024,0.703906,0.641461,0.678928,-0.029475,0.060271,0.013043,ok,,2026-04-03T23:51:12Z,complete
PPL,PPL Corporation,Utilities,Q1,2025,2024,,0.725831,0.725831,,0.334273,0.242233,ok,,2026-04-03T23:51:15Z,partial
PFG,Principal Financial Group,Financials,Q1,2025,2024,0.803892,0.947921,0.861504,0.398115,1.055537,0.905195,ok,,2026-04-03T23:51:15Z,complete
PG,Procter & Gamble,Consumer Staples,Q1,2025,2024,0.786855,0.785101,0.786154,0.325256,0.526759,0.536999,ok,,2026-04-03T23:51:18Z,complete
PGR,Progressive Corporation,Financials,Q1,2025,2024,0.139071,0.772613,0.392488,-2.444994,0.486203,-1.386637,ok,,2026-04-03T23:51:21Z,complete
PLD,Prologis,Real Estate,Q1,2025,2024,0.886847,0.816188,0.858583,0.752873,0.627718,0.890921,ok,,2026-04-03T23:51:25Z,complete
PRU,Prudential Financial,Financials,Q1,2025,2024,,0.97812,0.97812,,1.153612,1.475035,ok,,2026-04-03T23:51:26Z,partial
PEG,Public Service Enterprise Group,Utilities,Q1,2025,2024,0.884964,0.110534,0.575192,0.74482,-1.663981,-0.49386,ok,,2026-04-03T23:51:28Z,complete
PTC,PTC Inc.,Information Technology,Q1,2025,2024,0.664733,0.680384,0.670994,-0.196999,0.186678,-0.025727,ok,,2026-04-03T23:51:31Z,complete
PSA,Public Storage,Real Estate,Q1,2025,2024,0.673412,0.952722,0.785136,-0.159883,1.071129,0.532025,ok,,2026-04-03T23:51:34Z,complete
PHM,PulteGroup,Consumer Discretionary,Q1,2025,2024,0.148123,0.587814,0.323999,-2.406283,-0.113955,-1.721307,ok,,2026-04-03T23:51:35Z,complete
PWR,Quanta Services,Industrials,Q1,2025,2024,0.805571,0.802341,0.804279,0.405295,0.582748,0.625566,ok,,2026-04-03T23:51:36Z,complete
Q,Qnity Electronics,Information Technology,Q2,2025,2024,,,,,,,failed,"No 10-Q found for Q2 2024 (window 2024-03-30 – 2024-09-30). The filing may not yet be available, or the company uses a very non-standard fiscal year.",2026-04-06T18:49:06Z,unknown
RL,Ralph Lauren Corporation,Consumer Discretionary,Q3,2025,2024,0.800406,0.776724,0.790933,0.383207,0.499554,0.560352,ok,,2026-04-06T18:49:10Z,complete
DGX,Quest Diagnostics,Health Care,Q1,2025,2024,0.825596,,0.825596,0.490932,,0.729731,ok,,2026-04-03T23:51:40Z,partial
QCOM,Qualcomm,Information Technology,Q1,2025,2024,0.964649,0.964902,0.96475,1.085593,1.110685,1.409703,ok,,2026-04-03T23:51:39Z,complete
RTX,RTX Corporation,Industrials,Q1,2025,2024,0.926569,0.862739,0.901037,0.922744,0.778898,1.098371,ok,,2026-04-03T23:51:44Z,complete
RJF,Raymond James Financial,Financials,Q1,2025,2024,0.83447,0.947072,0.879511,0.528882,1.05278,0.993185,ok,,2026-04-03T23:51:43Z,complete
O,Realty Income,Real Estate,Q1,2025,2024,0.72887,0.451858,0.618065,0.077283,-0.555489,-0.284362,ok,,2026-04-03T23:51:45Z,complete
REG,Regency Centers,Real Estate,Q1,2025,2024,0.727647,0.099307,0.476311,0.072053,-1.700442,-0.977039,ok,,2026-04-03T23:51:49Z,complete
REGN,Regeneron Pharmaceuticals,Health Care,Q1,2025,2024,0.689406,0.531969,0.626431,-0.091485,-0.295318,-0.243482,ok,,2026-04-03T23:51:50Z,complete
RF,Regions Financial Corporation,Financials,Q1,2025,2024,1.0,0.604714,0.841886,1.236772,-0.05907,0.809332,ok,,2026-04-03T23:51:51Z,complete
RSG,Republic Services,Industrials,Q1,2025,2024,0.254429,0.867099,0.499497,-1.951665,0.793058,-0.863741,ok,,2026-04-03T23:51:56Z,complete
RMD,ResMed,Health Care,Q1,2025,2024,0.937633,0.101285,0.603094,0.970059,-1.694018,-0.357518,ok,,2026-04-03T23:51:56Z,complete
RVTY,Revvity,Health Care,Q1,2025,2024,0.722112,0.960591,0.817503,0.048383,1.096685,0.690185,ok,,2026-04-03T23:51:58Z,complete
HOOD,Robinhood Markets,Financials,Q1,2025,2024,0.950335,0.88875,0.925701,1.024379,0.863372,1.218891,ok,,2026-04-03T23:52:01Z,complete
ROK,Rockwell Automation,Industrials,Q1,2025,2024,0.77187,0.13432,0.51685,0.261173,-1.586733,-0.778946,ok,,2026-04-03T23:52:01Z,complete
ROL,"Rollins, Inc.",Industrials,Q1,2025,2024,0.631186,0.758548,0.682131,-0.340463,0.440525,0.028694,ok,,2026-04-03T23:52:02Z,complete
ROP,Roper Technologies,Information Technology,Q1,2025,2024,0.760587,0.16604,0.522768,0.212921,-1.483718,-0.750028,ok,,2026-04-03T23:52:06Z,complete
ROST,Ross Stores,Consumer Discretionary,Q1,2025,2024,0.772702,0.072621,0.492669,0.264731,-1.787108,-0.897106,ok,,2026-04-03T23:52:08Z,complete
RCL,Royal Caribbean Group,Consumer Discretionary,Q1,2025,2024,0.734226,0.396395,0.599094,0.100188,-0.735612,-0.377064,ok,,2026-04-03T23:52:08Z,complete
SPGI,S&P Global,Financials,Q1,2025,2024,0.88215,0.845384,0.867443,0.732786,0.722536,0.934215,ok,,2026-04-03T23:52:10Z,complete
SNDK,Sandisk,Information Technology,Q1,2026,2025,0.899541,0.359941,0.683701,0.807159,-0.854,0.036366,ok,,2026-04-06T18:49:16Z,complete
CRM,Salesforce,Information Technology,Q1,2025,2024,0.921756,0.885584,0.907287,0.902161,0.85309,1.128912,ok,,2026-04-03T23:52:12Z,complete
SBAC,SBA Communications,Real Estate,Q1,2025,2024,0.754501,0.899035,0.812315,0.186894,0.896774,0.664834,ok,,2026-04-03T23:52:14Z,complete
SLB,Schlumberger,Energy,Q1,2025,2024,0.075953,0.834127,0.379222,-2.714919,0.685977,-1.451461,ok,,2026-04-03T23:52:16Z,complete
STX,Seagate Technology,Information Technology,Q1,2025,2024,0.745198,0.712937,0.732294,0.14711,0.292398,0.273814,ok,,2026-04-03T23:52:19Z,complete
NOW,ServiceNow,Information Technology,Q1,2025,2024,0.279461,0.946044,0.546094,-1.844616,1.049442,-0.636046,ok,,2026-04-03T23:52:21Z,complete
SRE,Sempra,Utilities,Q1,2025,2024,0.818486,0.160541,0.555308,0.460527,-1.501577,-0.591023,ok,,2026-04-03T23:52:20Z,complete
SHW,Sherwin-Williams,Materials,Q1,2025,2024,0.74229,0.960573,0.829603,0.134674,1.096626,0.749311,ok,,2026-04-03T23:52:24Z,complete
SJM,J.M. Smucker Company (The),Consumer Staples,Q1,2026,2025,0.714662,0.725882,0.71915,0.016523,0.334438,0.209586,ok,,2026-04-06T18:49:20Z,complete
SPG,Simon Property Group,Real Estate,Q1,2025,2024,0.809612,0.741664,0.782433,0.422577,0.385692,0.518817,ok,,2026-04-03T23:52:26Z,complete
SWKS,Skyworks Solutions,Information Technology,Q1,2025,2024,0.744311,0.103808,0.48811,0.143317,-1.685824,-0.919383,ok,,2026-04-03T23:52:27Z,complete
SW,Smurfit Westrock,Materials,Q1,2025,2024,0.247373,0.040785,0.164738,-1.98184,-1.890499,-2.499531,ok,,2026-04-03T23:52:30Z,complete
SNA,Snap-on,Industrials,Q1,2025,2024,0.776228,,0.776228,0.27981,,0.488496,ok,,2026-04-03T23:52:31Z,partial
SOLV,Solventum,Health Care,Q1,2025,2024,0.662563,0.048415,0.416904,-0.206279,-1.86572,-1.267329,ok,,2026-04-03T23:52:32Z,complete
SO,Southern Company,Utilities,Q1,2025,2024,0.745159,0.658852,0.710637,0.146943,0.11675,0.167988,ok,,2026-04-03T23:52:34Z,complete
LUV,Southwest Airlines,Industrials,Q1,2025,2024,0.652655,0.273538,0.501008,-0.24865,-1.134605,-0.856358,ok,,2026-04-03T23:52:36Z,complete
SWK,Stanley Black & Decker,Industrials,Q1,2025,2024,0.228778,0.941559,0.51389,-2.061362,1.034876,-0.79341,ok,,2026-04-03T23:52:36Z,complete
SBUX,Starbucks,Consumer Discretionary,Q1,2025,2024,0.676166,0.951542,0.786317,-0.148105,1.067297,0.537796,ok,,2026-04-03T23:52:41Z,complete
STE,Steris,Health Care,Q3,2025,2024,0.76927,0.697132,0.740415,0.250054,0.241069,0.313497,ok,,2026-04-06T18:49:25Z,complete
STLD,Steel Dynamics,Materials,Q1,2025,2024,0.769131,0.744969,0.759466,0.24946,0.396426,0.406589,ok,,2026-04-03T23:52:43Z,complete
STT,State Street Corporation,Financials,Q1,2025,2024,0.841631,,0.841631,0.559506,,0.808086,ok,,2026-04-03T23:52:41Z,partial
SYK,Stryker Corporation,Health Care,Q1,2025,2024,0.74265,0.936281,0.820102,0.136214,1.017735,0.702885,ok,,2026-04-03T23:52:47Z,complete
SMCI,Supermicro,Information Technology,Q1,2025,2024,0.573356,0.081268,0.376521,-0.587773,-1.759025,-1.46466,ok,,2026-04-03T23:52:48Z,complete
SYF,Synchrony Financial,Financials,Q1,2025,2024,0.935215,0.673507,0.830532,0.959719,0.164344,0.753851,ok,,2026-04-03T23:52:50Z,complete
SNPS,Synopsys,Information Technology,Q1,2025,2024,0.560246,0.263193,0.441425,-0.643838,-1.168202,-1.147508,ok,,2026-04-03T23:52:53Z,complete
SYY,Sysco,Consumer Staples,Q1,2025,2024,0.630206,0.562318,0.60305,-0.344654,-0.196756,-0.357733,ok,,2026-04-03T23:52:54Z,complete
TMUS,T-Mobile US,Communication Services,Q1,2025,2024,0.981098,0.233598,0.682098,1.155937,-1.264315,0.028533,ok,,2026-04-03T23:52:55Z,complete
TTWO,Take-Two Interactive,Communication Services,Q3,2025,2024,0.743738,0.735949,0.740622,0.140866,0.367132,0.314508,ok,,2026-04-06T18:49:30Z,complete
TROW,T. Rowe Price,Financials,Q1,2025,2024,0.676477,0.650209,0.665969,-0.146776,0.088681,-0.050281,ok,,2026-04-03T23:52:58Z,complete
TPR,"Tapestry, Inc.",Consumer Discretionary,Q1,2025,2024,0.703196,0.476433,0.612491,-0.032512,-0.475678,-0.3116,ok,,2026-04-03T23:53:01Z,complete
TRGP,Targa Resources,Energy,Q1,2025,2024,0.764879,0.689498,0.734727,0.231276,0.216277,0.285703,ok,,2026-04-03T23:53:01Z,complete
TGT,Target Corporation,Consumer Staples,Q1,2025,2024,0.716127,0.055498,0.451876,0.022788,-1.842717,-1.09644,ok,,2026-04-03T23:53:02Z,complete
TEL,TE Connectivity,Information Technology,Q1,2025,2024,0.688666,0.684745,0.687097,-0.094649,0.200841,0.05296,ok,,2026-04-03T23:53:05Z,complete
TDY,Teledyne Technologies,Information Technology,Q1,2025,2024,0.721053,0.879464,0.784417,0.043854,0.833215,0.528511,ok,,2026-04-03T23:53:07Z,complete
TER,Teradyne,Information Technology,Q1,2025,2024,0.936982,0.795698,0.880468,0.967275,0.561174,0.997862,ok,,2026-04-03T23:53:07Z,complete
TSLA,"Tesla, Inc.",Consumer Discretionary,Q1,2025,2024,0.742866,0.040964,0.462105,0.137137,-1.889918,-1.046456,ok,,2026-04-03T23:53:11Z,complete
TXN,Texas Instruments,Information Technology,Q1,2025,2024,0.77662,0.647386,0.724926,0.281486,0.079513,0.23781,ok,,2026-04-03T23:53:12Z,complete
TPL,Texas Pacific Land Corporation,Energy,Q1,2025,2024,0.72521,0.248575,0.534556,0.061631,-1.215675,-0.692427,ok,,2026-04-03T23:53:13Z,complete
TXT,Textron,Industrials,Q1,2025,2024,0.900558,,0.900558,0.811508,,1.096031,ok,,2026-04-03T23:53:15Z,partial
TJX,TJX Companies,Consumer Discretionary,Q1,2025,2024,0.954738,0.646191,0.831319,1.043209,0.075632,0.757696,ok,,2026-04-03T23:53:17Z,complete
TMO,Thermo Fisher Scientific,Health Care,Q1,2025,2024,0.804573,0.76142,0.787312,0.401028,0.449852,0.542658,ok,,2026-04-03T23:53:17Z,complete
TKO,TKO Group Holdings,Communication Services,Q1,2025,2024,0.03998,0.054134,0.045642,-2.868757,-1.847146,-3.081489,ok,,2026-04-03T23:53:19Z,complete
TTD,Trade Desk (The),Communication Services,Q1,2025,2024,0.901364,0.848634,0.880272,0.814955,0.733091,0.996904,ok,,2026-04-03T23:53:22Z,complete
TSCO,Tractor Supply,Consumer Discretionary,Q1,2025,2024,0.802137,0.100967,0.521669,0.39061,-1.695051,-0.755398,ok,,2026-04-03T23:53:22Z,complete
TT,Trane Technologies,Industrials,Q1,2025,2024,0.795936,0.792765,0.794668,0.364091,0.551649,0.578603,ok,,2026-04-03T23:53:23Z,complete
TDG,TransDigm Group,Industrials,Q1,2025,2024,0.09951,0.400232,0.219799,-2.614177,-0.72315,-2.230477,ok,,2026-04-03T23:53:26Z,complete
TRV,Travelers Companies (The),Financials,Q1,2025,2024,0.714475,0.586497,0.663284,0.015723,-0.118232,-0.063401,ok,,2026-04-03T23:53:27Z,complete
TRMB,Trimble Inc.,Information Technology,Q1,2025,2024,0.698195,0.612851,0.664057,-0.053898,-0.032644,-0.059624,ok,,2026-04-03T23:53:29Z,complete
TFC,Truist Financial,Financials,Q1,2025,2024,0.912933,1.0,0.94776,0.864429,1.22467,1.326682,ok,,2026-04-03T23:53:31Z,complete
TYL,Tyler Technologies,Information Technology,Q1,2025,2024,0.725687,0.945153,0.813473,0.063671,1.046548,0.670493,ok,,2026-04-03T23:53:32Z,complete
TSN,Tyson Foods,Consumer Staples,Q1,2025,2024,0.716641,0.077684,0.461058,0.024986,-1.770665,-1.051572,ok,,2026-04-03T23:53:33Z,complete
USB,U.S. Bancorp,Financials,Q1,2025,2024,1.0,0.940171,0.976068,1.236772,1.030368,1.465008,ok,,2026-04-03T23:53:37Z,complete
UBER,Uber,Industrials,Q1,2025,2024,0.829519,0.966836,0.884446,0.507709,1.116966,1.0173,ok,,2026-04-03T23:53:37Z,complete
UDR,"UDR, Inc.",Real Estate,Q1,2025,2024,0.835758,0.824979,0.831446,0.53439,0.656268,0.758317,ok,,2026-04-03T23:53:39Z,complete
ULTA,Ulta Beauty,Consumer Discretionary,Q1,2025,2024,0.85083,0.57276,0.739602,0.598846,-0.162844,0.309524,ok,,2026-04-03T23:53:43Z,complete
UNP,Union Pacific Corporation,Industrials,Q1,2025,2024,0.923232,0.656563,0.816565,0.908473,0.109316,0.685602,ok,,2026-04-03T23:53:44Z,complete
UAL,United Airlines Holdings,Industrials,Q1,2025,2024,0.936332,0.810666,0.886066,0.964495,0.609785,1.025216,ok,,2026-04-03T23:53:45Z,complete
UPS,United Parcel Service,Industrials,Q1,2025,2024,0.579085,0.468417,0.534817,-0.563273,-0.501711,-0.691151,ok,,2026-04-03T23:53:48Z,complete
URI,United Rentals,Industrials,Q1,2025,2024,0.896908,0.623725,0.787635,0.795898,0.002671,0.544236,ok,,2026-04-03T23:53:49Z,complete
UNH,UnitedHealth Group,Health Care,Q1,2025,2024,0.742655,0.101387,0.486147,0.136235,-1.693687,-0.928976,ok,,2026-04-03T23:53:50Z,complete
UHS,Universal Health Services,Health Care,Q1,2025,2024,0.885339,0.810505,0.855405,0.746424,0.609262,0.875392,ok,,2026-04-03T23:53:53Z,complete
VLO,Valero Energy,Energy,Q1,2025,2024,0.82662,0.736247,0.790471,0.495312,0.3681,0.558094,ok,,2026-04-03T23:53:54Z,complete
VTR,Ventas,Real Estate,Q1,2025,2024,0.715935,0.125406,0.479724,0.021967,-1.615682,-0.960361,ok,,2026-04-03T23:53:55Z,complete
VLTO,Veralto,Industrials,Q1,2025,2024,0.789073,0.685948,0.747823,0.334742,0.204748,0.349696,ok,,2026-04-03T23:53:58Z,complete
VRSN,Verisign,Information Technology,Q1,2025,2024,0.806647,0.18421,0.557672,0.409897,-1.424709,-0.579471,ok,,2026-04-03T23:53:59Z,complete
VRSK,Verisk Analytics,Industrials,Q1,2025,2024,0.826081,0.682037,0.768463,0.493007,0.192046,0.450553,ok,,2026-04-03T23:54:01Z,complete
VRTX,Vertex Pharmaceuticals,Health Care,Q1,2025,2024,0.713102,0.791947,0.74464,0.009851,0.548993,0.334142,ok,,2026-04-03T23:54:03Z,complete
VZ,Verizon,Communication Services,Q1,2025,2024,0.78813,0.942483,0.849871,0.330709,1.037877,0.84835,ok,,2026-04-03T23:54:02Z,complete
VRT,Vertiv,Industrials,Q1,2025,2024,0.708916,0.632068,0.678177,-0.00805,0.029766,0.009373,ok,,2026-04-03T23:54:05Z,complete
VTRS,Viatris,Health Care,Q1,2025,2024,0.764382,0.091442,0.495206,0.229151,-1.725984,-0.884709,ok,,2026-04-03T23:54:08Z,complete
VICI,Vici Properties,Real Estate,Q1,2025,2024,0.706319,0.739847,0.71973,-0.019156,0.379791,0.21242,ok,,2026-04-03T23:54:09Z,complete
V,Visa Inc.,Financials,Q1,2025,2024,1.0,0.608345,0.843338,1.236772,-0.047278,0.816427,ok,,2026-04-03T23:54:09Z,complete
VST,Vistra Corp.,Utilities,Q1,2025,2024,0.937162,0.943093,0.939534,0.968045,1.039858,1.286486,ok,,2026-04-03T23:54:12Z,complete
VMC,Vulcan Materials Company,Materials,Q1,2025,2024,0.692707,0.743173,0.712893,-0.077368,0.390593,0.179012,ok,,2026-04-03T23:54:13Z,complete
WRB,W. R. Berkley Corporation,Financials,Q1,2025,2024,0.834515,0.359115,0.644355,0.529075,-0.856683,-0.155897,ok,,2026-04-03T23:54:16Z,complete
GWW,W. W. Grainger,Industrials,Q1,2025,2024,0.784855,0.792263,0.787818,0.316703,0.550019,0.54513,ok,,2026-04-03T23:54:17Z,complete
WAB,Wabtec,Industrials,Q1,2025,2024,0.116409,0.644208,0.327529,-2.541908,0.069192,-1.704057,ok,,2026-04-03T23:54:18Z,complete
WMT,Walmart,Consumer Staples,Q1,2025,2024,0.855379,0.981135,0.905681,0.6183,1.163404,1.121064,ok,,2026-04-03T23:54:21Z,complete
DIS,Walt Disney Company (The),Communication Services,Q1,2025,2024,0.709374,0.410581,0.589857,-0.006091,-0.689541,-0.4222,ok,,2026-04-03T23:54:21Z,complete
WBD,Warner Bros. Discovery,Communication Services,Q1,2025,2024,0.905611,0.114238,0.589062,0.833117,-1.651951,-0.426085,ok,,2026-04-03T23:54:23Z,complete
WM,Waste Management,Industrials,Q1,2025,2024,0.737664,0.135701,0.496879,0.114891,-1.582248,-0.876534,ok,,2026-04-03T23:54:26Z,complete
WAT,Waters Corporation,Health Care,Q1,2025,2024,0.705245,0.928978,0.794738,-0.023749,0.994018,0.578945,ok,,2026-04-03T23:54:27Z,complete
WEC,WEC Energy Group,Utilities,Q1,2025,2024,0.741941,0.801826,0.765895,0.133182,0.581076,0.438004,ok,,2026-04-03T23:54:28Z,complete
WELL,Welltower,Real Estate,Q1,2025,2024,0.841181,0.834991,0.838705,0.557582,0.688783,0.793788,ok,,2026-04-03T23:54:32Z,complete
WST,West Pharmaceutical Services,Health Care,Q1,2025,2024,0.797196,0.572379,0.707269,0.36948,-0.164082,0.15153,ok,,2026-04-03T23:54:33Z,complete
WFC,Wells Fargo,Financials,Q1,2025,2024,0.791529,0.682473,0.747907,0.345245,0.193462,0.350106,ok,,2026-04-03T23:54:31Z,complete
WDC,Western Digital,Information Technology,Q1,2025,2024,0.794836,0.388853,0.632443,0.359387,-0.760105,-0.214105,ok,,2026-04-03T23:54:38Z,complete
WY,Weyerhaeuser,Real Estate,Q1,2025,2024,0.8293,0.61357,0.743008,0.506773,-0.030309,0.326168,ok,,2026-04-03T23:54:39Z,complete
WSM,"Williams-Sonoma, Inc.",Consumer Discretionary,Q1,2025,2024,,0.876543,0.876543,,0.823729,0.978682,ok,,2026-04-03T23:54:43Z,partial
WMB,Williams Companies,Energy,Q1,2025,2024,0.54427,0.731816,0.619288,-0.712159,0.35371,-0.278386,ok,,2026-04-03T23:54:44Z,complete
WTW,Willis Towers Watson,Financials,Q1,2025,2024,0.801668,0.107314,0.523926,0.388604,-1.674438,-0.74437,ok,,2026-04-03T23:54:45Z,complete
WDAY,"Workday, Inc.",Information Technology,Q1,2025,2024,0.938105,1.0,0.962863,0.972078,1.22467,1.400482,ok,,2026-04-03T23:54:47Z,complete
WYNN,Wynn Resorts,Consumer Discretionary,Q1,2025,2024,0.602023,0.580686,0.593488,-0.465178,-0.137104,-0.404457,ok,,2026-04-03T23:54:49Z,complete
XEL,Xcel Energy,Utilities,Q1,2025,2024,0.676648,0.810686,0.730263,-0.146044,0.60985,0.26389,ok,,2026-04-03T23:54:50Z,complete
XYL,Xylem Inc.,Industrials,Q1,2025,2024,0.871699,0.882413,0.875985,0.688092,0.842792,0.975955,ok,,2026-04-03T23:54:52Z,complete
YUM,Yum! Brands,Consumer Discretionary,Q1,2025,2024,0.55272,0.416298,0.498151,-0.676023,-0.670974,-0.870318,ok,,2026-04-03T23:54:55Z,complete
ZBRA,Zebra Technologies,Information Technology,Q1,2025,2024,0.913802,0.08713,0.583133,0.868146,-1.739988,-0.455057,ok,,2026-04-03T23:54:55Z,complete
ZBH,Zimmer Biomet,Health Care,Q1,2025,2024,0.791529,0.21181,0.559641,0.345245,-1.335074,-0.569849,ok,,2026-04-03T23:54:56Z,complete
ZTS,Zoetis,Health Care,Q1,2025,2024,0.228308,0.253278,0.238296,-2.063372,-1.200402,-2.140092,ok,,2026-04-03T23:54:59Z,complete
